{
    "polygons": {
        "L2": [[
            [-121.8684327, 37.3292768],
            [-121.8691618, 37.3284577],
            [-121.8669515, 37.3256252],
            [-121.8655461, 37.3255741],
            [-121.858648, 37.3182537],
            [-121.8513208, 37.3206941],
            [-121.8458652, 37.3246016],
            [-121.8453541, 37.3250581],
            [-121.84453, 37.3252607],
            [-121.8440106, 37.3256094],
            [-121.8434483, 37.3259667],
            [-121.8407416, 37.3277497],
            [-121.8451239, 37.3322753],
            [-121.8520819, 37.3391893],
            [-121.8684327, 37.3292768]
        ]],
        "L3": [[
            [-121.8624439, 37.3156835],
            [-121.8514772, 37.3053987],
            [-121.8316824, 37.3183264],
            [-121.8407416, 37.3277497],
            [-121.84453, 37.3252607],
            [-121.8453541, 37.3250581],
            [-121.8513208, 37.3206941],
            [-121.858648, 37.3182537],
            [-121.8624439, 37.3156835]
        ]],
        "L1": [[
            [-121.8830541, 37.3260159],
            [-121.8816067, 37.3240578],
            [-121.879623, 37.3220315],
            [-121.8761065, 37.318593],
            [-121.8688169, 37.3113744],
            [-121.858648, 37.3182537],
            [-121.8655461, 37.3255741],
            [-121.8669515, 37.3256252],
            [-121.8691618, 37.3284577],
            [-121.8721966, 37.3277133],
            [-121.8747164, 37.3275489],
            [-121.8774936, 37.3274356],
            [-121.8802709, 37.3270834],
            [-121.8830541, 37.3260159]
        ]],
        "L6": [[
            [-121.8316824, 37.3183264],
            [-121.8449997, 37.3096522],
            [-121.8395924, 37.3070238],
            [-121.8401503, 37.3041906],
            [-121.8378328, 37.3028251],
            [-121.8239712, 37.2989676],
            [-121.8211817, 37.2972265],
            [-121.8192076, 37.2945295],
            [-121.8182205, 37.2908763],
            [-121.817424, 37.2901364],
            [-121.8165227, 37.2894194],
            [-121.8151709, 37.2891462],
            [-121.8146774, 37.2896754],
            [-121.814098, 37.2902388],
            [-121.813347, 37.2901876],
            [-121.8126604, 37.2899998],
            [-121.8120381, 37.2898974],
            [-121.8114373, 37.2897437],
            [-121.8110939, 37.2898803],
            [-121.8106219, 37.2902388],
            [-121.8102356, 37.2904095],
            [-121.8099781, 37.2903583],
            [-121.8102786, 37.2944382],
            [-121.8113085, 37.2968621],
            [-121.8125531, 37.2987056],
            [-121.8145272, 37.3007369],
            [-121.8174025, 37.3036214],
            [-121.8212863, 37.3076836],
            [-121.8287536, 37.3154317],
            [-121.8316824, 37.3183264 ]
        ]],
        "L5": [[
            [-121.8476264, 37.3078884],
            [-121.8380133, 37.2972377],
            [-121.848195, 37.2904266],
            [-121.8372731, 37.2799527],
            [-121.8355205, 37.2811112],
            [-121.8348855, 37.2817417],
            [-121.8344652, 37.2823465],
            [-121.8342452, 37.2829867],
            [-121.8341218, 37.2836526],
            [-121.8341379, 37.2843611],
            [-121.834154, 37.2849714],
            [-121.834315, 37.2898924],
            [-121.8343364, 37.2913093],
            [-121.8341326, 37.2920476],
            [-121.8338268, 37.2927091],
            [-121.8331455, 37.2935668],
            [-121.8314811, 37.2947101],
            [-121.8292245, 37.2961736],
            [-121.8282411, 37.2967943],
            [-121.8273863, 37.2972956],
            [-121.8264556, 37.2977224],
            [-121.8250569, 37.2982728],
            [-121.8241731, 37.2986697],
            [-121.8239712, 37.2989676],
            [-121.8378328, 37.3028251],
            [-121.8401503, 37.3041906],
            [-121.8395924, 37.3070238],
            [-121.8449997, 37.3096522],
            [-121.8476264, 37.3078884]
        ]],
        "L4": [[
            [-121.8700536, 37.3125719],
            [-121.8778267, 37.3074092],
            [-121.8765526, 37.3061185],
            [-121.8759155, 37.305471],
            [-121.8754743, 37.3048811],
            [-121.8753121, 37.3043232],
            [-121.8752953, 37.3037028],
            [-121.8754735, 37.3032875],
            [-121.8757322, 37.3028508],
            [-121.8766519, 37.3018963],
            [-121.8757131, 37.3006716],
            [-121.8748011, 37.2994298],
            [-121.873685, 37.2971387],
            [-121.8729123, 37.2950696],
            [-121.8719787, 37.2928895],
            [-121.8710987, 37.2907179],
            [-121.8706853, 37.2897063],
            [-121.8702182, 37.2888142],
            [-121.8619893, 37.2921772],
            [-121.8475268, 37.2876021],
            [-121.8456546, 37.2868125],
            [-121.8440936, 37.285929],
            [-121.8375489, 37.2797743],
            [-121.8372731, 37.2799527],
            [-121.848195, 37.2904266],
            [-121.8380133, 37.2972377],
            [-121.8476264, 37.3078884],
            [-121.8514772, 37.3053987],
            [-121.8624439, 37.3156835],
            [-121.8688169, 37.3113744],
            [-121.8700536, 37.3125719]
        ]],
        "T3": [[
            [-121.8982338,37.2763412],
            [-121.8946651,37.278006],
            [-121.8929417,37.2788511],
            [-121.8920492,37.2792779],
            [-121.8898262,37.2800973],
            [-121.8822793,37.2828885],
            [-121.8707546,37.2885667],
            [-121.8716324,37.2904581],
            [-121.8739265,37.2962759],
            [-121.874843,37.2983247],
            [-121.875781,37.299964],
            [-121.8772823,37.3018933],
            [-121.8787837,37.3038483],
            [-121.8800121,37.3040106],
            [-121.8806592,37.3040479],
            [-121.8814565,37.3039999],
            [-121.8828794,37.3038698],
            [-121.8858097,37.3038847],
            [-121.8872165,37.3038313],
            [-121.8863796,37.302756],
            [-121.8859934,37.3021714],
            [-121.8857359,37.3017532],
            [-121.8926378,37.2987995],
            [-121.8995391,37.2957942],
            [-121.9049298,37.293419],
            [-121.9029986,37.2905532],
            [-121.9073813,37.2886647],
            [-121.9041574,37.283962],
            [-121.9037069,37.2832538],
            [-121.9032082,37.2826055],
            [-121.8982338,37.2763412]
        ]]
    }
}